Location,Date,Time
Albury Service NSW Centre,Thu 27/01,9:30 am
Albury Service NSW Centre,Fri 28/01,9:30 am
Albury Service NSW Centre,Thu 27/01,10:00 am
Albury Service NSW Centre,Fri 28/01,10:00 am
Albury Service NSW Centre,Mon 24/01,10:30 am
Albury Service NSW Centre,Thu 27/01,10:30 am
Albury Service NSW Centre,Fri 28/01,10:30 am
Albury Service NSW Centre,Thu 27/01,11:00 am
Albury Service NSW Centre,Fri 28/01,11:00 am
Albury Service NSW Centre,Thu 27/01,11:30 am
Albury Service NSW Centre,Fri 28/01,11:30 am
Albury Service NSW Centre,Thu 27/01,1:30 pm
Albury Service NSW Centre,Thu 27/01,2:00 pm
Albury Service NSW Centre,Fri 28/01,2:00 pm
Albury Service NSW Centre,Tue 25/01,2:30 pm
Albury Service NSW Centre,Thu 27/01,2:30 pm
Albury Service NSW Centre,Fri 28/01,2:30 pm
Albury Service NSW Centre,Tue 25/01,3:00 pm
Albury Service NSW Centre,Thu 27/01,3:00 pm
Albury Service NSW Centre,Fri 28/01,3:00 pm
Auburn Service NSW Centre,Tue 08/02,9:00 am
Auburn Service NSW Centre,Wed 09/02,9:00 am
Auburn Service NSW Centre,Thu 10/02,9:00 am
Auburn Service NSW Centre,Fri 11/02,9:00 am
Auburn Service NSW Centre,Mon 07/02,9:30 am
Auburn Service NSW Centre,Tue 08/02,9:30 am
Auburn Service NSW Centre,Wed 09/02,9:30 am
Auburn Service NSW Centre,Thu 10/02,9:30 am
Auburn Service NSW Centre,Fri 11/02,9:30 am
Auburn Service NSW Centre,Tue 08/02,10:00 am
Auburn Service NSW Centre,Wed 09/02,10:00 am
Auburn Service NSW Centre,Thu 10/02,10:00 am
Auburn Service NSW Centre,Fri 11/02,10:00 am
Auburn Service NSW Centre,Mon 07/02,10:30 am
Auburn Service NSW Centre,Tue 08/02,10:30 am
Auburn Service NSW Centre,Wed 09/02,10:30 am
Auburn Service NSW Centre,Thu 10/02,10:30 am
Auburn Service NSW Centre,Fri 11/02,10:30 am
Auburn Service NSW Centre,Tue 08/02,11:00 am
Auburn Service NSW Centre,Wed 09/02,11:00 am
Auburn Service NSW Centre,Thu 10/02,11:00 am
Auburn Service NSW Centre,Fri 11/02,11:00 am
Auburn Service NSW Centre,Mon 07/02,11:30 am
Auburn Service NSW Centre,Tue 08/02,11:30 am
Auburn Service NSW Centre,Wed 09/02,11:30 am
Auburn Service NSW Centre,Thu 10/02,11:30 am
Auburn Service NSW Centre,Fri 11/02,11:30 am
Auburn Service NSW Centre,Mon 07/02,12:00 pm
Auburn Service NSW Centre,Tue 08/02,12:00 pm
Auburn Service NSW Centre,Wed 09/02,12:00 pm
Auburn Service NSW Centre,Thu 10/02,12:00 pm
Auburn Service NSW Centre,Fri 11/02,12:00 pm
Auburn Service NSW Centre,Tue 08/02,12:30 pm
Auburn Service NSW Centre,Wed 09/02,12:30 pm
Auburn Service NSW Centre,Thu 10/02,12:30 pm
Auburn Service NSW Centre,Fri 11/02,12:30 pm
Auburn Service NSW Centre,Mon 07/02,1:00 pm
Auburn Service NSW Centre,Tue 08/02,1:00 pm
Auburn Service NSW Centre,Wed 09/02,1:00 pm
Auburn Service NSW Centre,Thu 10/02,1:00 pm
Auburn Service NSW Centre,Fri 11/02,1:00 pm
Auburn Service NSW Centre,Mon 07/02,1:30 pm
Auburn Service NSW Centre,Tue 08/02,1:30 pm
Auburn Service NSW Centre,Wed 09/02,1:30 pm
Auburn Service NSW Centre,Thu 10/02,1:30 pm
Auburn Service NSW Centre,Fri 11/02,1:30 pm
Auburn Service NSW Centre,Mon 07/02,2:00 pm
Auburn Service NSW Centre,Tue 08/02,2:00 pm
Auburn Service NSW Centre,Wed 09/02,2:00 pm
Auburn Service NSW Centre,Thu 10/02,2:00 pm
Auburn Service NSW Centre,Fri 11/02,2:00 pm
Auburn Service NSW Centre,Mon 07/02,2:30 pm
Auburn Service NSW Centre,Tue 08/02,2:30 pm
Auburn Service NSW Centre,Wed 09/02,2:30 pm
Auburn Service NSW Centre,Thu 10/02,2:30 pm
Auburn Service NSW Centre,Fri 11/02,2:30 pm
Auburn Service NSW Centre,Mon 07/02,3:00 pm
Auburn Service NSW Centre,Tue 08/02,3:00 pm
Auburn Service NSW Centre,Wed 09/02,3:00 pm
Auburn Service NSW Centre,Thu 10/02,3:00 pm
Auburn Service NSW Centre,Fri 11/02,3:00 pm
Auburn Service NSW Centre,Mon 07/02,3:30 pm
Auburn Service NSW Centre,Tue 08/02,3:30 pm
Auburn Service NSW Centre,Wed 09/02,3:30 pm
Auburn Service NSW Centre,Thu 10/02,3:30 pm
Auburn Service NSW Centre,Fri 11/02,3:30 pm
Auburn Service NSW Centre,Mon 07/02,4:00 pm
Auburn Service NSW Centre,Tue 08/02,4:00 pm
Auburn Service NSW Centre,Wed 09/02,4:00 pm
Auburn Service NSW Centre,Thu 10/02,4:00 pm
Auburn Service NSW Centre,Fri 11/02,4:00 pm
